{"features": ["soil_moisture_percent", "lux", "temperature", "humidity"], "train_means": [47.89687442906731, 334.0753413606468, 18.340287293322373, 52.98629190645839], "train_stds": [19.039851369992675, 701.6670638034307, 1.229491012514928, 5.620728480184711]}